{"mlp": {"train_loss": 0.0008087776989365617, "test_loss": 0.00016022699128370732, "ham_acc": 21312.970703125}, "ode": {"train_loss": 3.0240324021077766e-05, "test_loss": 0.00016728679474908859, "ham_acc": 0.004292214754968882}, "gru": {"train_loss": 0.002665444667865005, "test_loss": 0.0314977653324604, "ham_acc": 0.15576820075511932}, "gre": {"train_loss": 0.00022334984532790259, "test_loss": 0.0011417088098824024, "ham_acc": 0.02109196037054062}, "rnn": {"train_loss": 0.018420521376861468, "test_loss": 0.13616439700126648, "ham_acc": 1.3057630062103271}, "rne": {"train_loss": 0.0012547762107311023, "test_loss": 0.0832245722413063, "ham_acc": 2.5625298023223877}, "_timestamp": 1728225319.265412, "_runtime": 245.88886618614197, "_step": 9, "_wandb": {"runtime": 245}}