{"mlp": {"train_loss": 3.837714631218761e-06, "test_loss": 4.958392310072668e-06, "ham_acc": 2.640312910079956}, "ode": {"train_loss": 2.5661468751220835e-06, "test_loss": 5.5563108617207035e-05, "ham_acc": 0.00028552982257679105}, "gru": {"train_loss": 3.469110625802488e-05, "test_loss": 1.5011109113693237, "ham_acc": 133.7908935546875}, "gre": {"train_loss": 2.029302749583116e-06, "test_loss": 0.0002676534641068429, "ham_acc": 0.09175580739974976}, "rnn": {"train_loss": 0.24014364298846985, "test_loss": 1.493382453918457, "ham_acc": 263.41375732421875}, "rne": {"train_loss": 4.361813194009301e-06, "test_loss": 9.121659786615055e-06, "ham_acc": 0.0007557113422080874}, "_timestamp": 1726530881.9532201, "_runtime": 15204.92209815979, "_step": 999, "_wandb": {"runtime": 15204}}