{"mlp": {"train_loss": 0.0010098179265494562, "test_loss": 0.0006704874685965478, "ham_acc": 174.6927490234375}, "ode": {"train_loss": 0.0013587599322717222, "test_loss": 0.015429571270942688, "ham_acc": 0.08310273289680481}, "gru": {"train_loss": 0.03447941641012828, "test_loss": 0.23845317959785461, "ham_acc": 18.249380111694336}, "gre": {"train_loss": 0.000984970920641596, "test_loss": 0.0009078546427190304, "ham_acc": 0.10345712304115295}, "rnn": {"train_loss": 0.4836087918943829, "test_loss": 0.7875523567199707, "ham_acc": 216.89926147460938}, "rne": {"train_loss": 0.0013285399912597818, "test_loss": 0.0015013822121545672, "ham_acc": 0.027264585718512535}, "_timestamp": 1728224819.7412426, "_runtime": 155.99409866333008, "_step": 9, "_wandb": {"runtime": 155}}