{"_wandb":{"runtime":20412},"_runtime":20412.694146991,"mlp":{"train_loss":1.3943442351344655e-07,"test_loss":2.6448162770975614e-07,"ham_acc":4.246008029440418e-05},"rnn":{"test_loss":0.22877570986747742,"ham_acc":7.6728057861328125,"train_loss":0.08112839427259233},"_timestamp":1.728251451894189e+09,"gru":{"test_loss":0.018462730571627617,"ham_acc":0.13857531547546387,"train_loss":3.6414737473301606e-07},"gre":{"ham_acc":0.00038738964940421283,"train_loss":2.600017670791506e-07,"test_loss":9.810545634536538e-06},"_step":999,"rne":{"test_loss":0.006446983199566603,"ham_acc":0.2746354341506958,"train_loss":4.944763019112644e-06},"ode":{"test_loss":1.1202474752280978e-06,"ham_acc":1.6036783563322388e-05,"train_loss":2.869324169473152e-07}}