{"gru":{"train_loss":1.1111049757851611e-05,"test_loss":0.02709154412150383,"ham_acc":0.00026673689717426896},"ode":{"ham_acc":1.0183119229623117e-05,"train_loss":7.4394148921581085e-06,"test_loss":0.00017196136468555778},"_timestamp":1.728249618105919e+09,"mlp":{"train_loss":3.462187312032307e-06,"test_loss":1.7332481547782663e-06,"ham_acc":0.0005292737623676658},"_wandb":{"runtime":18556},"_step":999,"rne":{"ham_acc":0.00014661726891063154,"train_loss":6.1009100762829705e-05,"test_loss":0.02227811887860298},"rnn":{"train_loss":0.003525173330369095,"test_loss":0.0391925573348999,"ham_acc":0.0013421454932540655},"_runtime":18556.879491252,"gre":{"train_loss":7.530879722455413e-06,"test_loss":0.021954402327537537,"ham_acc":0.0003643724776338786}}