{"mlp": {"train_loss": 9.965936609211845e-06, "test_loss": 2.3878092179074883e-06, "ham_acc": 0.001661869464442134}, "ode": {"train_loss": 1.3645060633077971e-05, "test_loss": 0.00019053451251238585, "ham_acc": 2.485354161763098e-05}, "gru": {"train_loss": 1.0032807692065641e-05, "test_loss": 0.024539243429899216, "ham_acc": 0.0005315110902301967}, "gre": {"train_loss": 7.449980176311833e-06, "test_loss": 0.006168867461383343, "ham_acc": 0.0002480875700712204}, "rnn": {"train_loss": 0.0009246874717064202, "test_loss": 0.050620339810848236, "ham_acc": 0.0005332860164344311}, "rne": {"train_loss": 3.301333550148734e-05, "test_loss": 0.013412210159003735, "ham_acc": 0.00013042223872616887}, "_timestamp": 1726577736.732339, "_runtime": 20863.64109802246, "_step": 999, "_wandb": {"runtime": 20863}}