{"gru":{"test_loss":0.5801246166229248,"ham_acc":63.34905242919922,"train_loss":0.001409091394250734},"gre":{"test_loss":0.00012712171883322299,"ham_acc":0.02975553832948208,"train_loss":1.8064001943053478e-06},"rnn":{"train_loss":0.001592335168323997,"test_loss":0.0042732409201562405,"ham_acc":0.8499550819396973},"rne":{"ham_acc":0.00312744895927608,"train_loss":2.413006125910518e-05,"test_loss":6.675485201412812e-05},"_wandb":{"runtime":20704},"_step":999,"ode":{"train_loss":2.5661468751220835e-06,"test_loss":5.5563108617207035e-05,"ham_acc":0.00028552982257679105},"_timestamp":1.728251887833809e+09,"mlp":{"train_loss":0.00034304749989739016,"test_loss":7.480686326744035e-05,"ham_acc":48.855709075927734},"_runtime":20704.863893718}