{"rne":{"test_loss":0.0016204359708353877,"ham_acc":0.044977884739637375,"train_loss":0.0006894349612088667},"_wandb":{"runtime":252},"_timestamp":1.7282310748029134e+09,"gru":{"train_loss":0.032275857196913824,"test_loss":0.38027065992355347,"ham_acc":38.49249267578125},"rnn":{"train_loss":0.04920770114080773,"test_loss":0.09000174701213837,"ham_acc":17.200084686279297},"_runtime":251.998175195,"mlp":{"test_loss":0.0006752638146281242,"ham_acc":179.99765014648438,"train_loss":0.0010062032877208873},"ode":{"train_loss":0.0013587599322717222,"test_loss":0.015429571270942688,"ham_acc":0.08310273289680481},"_step":9,"gre":{"train_loss":0.000924749368439532,"test_loss":0.0007439263863489032,"ham_acc":0.11344607174396515}}