{"mlp": {"train_loss": 0.025782257326419415, "test_loss": 0.00021961450693197548, "ham_acc": 0.005525152198970318}, "ode": {"train_loss": 0.4443097593055831, "test_loss": 0.3828990161418915, "ham_acc": 237.83517456054688}, "gru": {"train_loss": 0.21703415633075768, "test_loss": 0.3613567352294922, "ham_acc": 0.320064514875412}, "gre": {"train_loss": 0.21892710050774944, "test_loss": 0.403021901845932, "ham_acc": 0.7133182287216187}, "rnn": {"train_loss": 0.22014910736017756, "test_loss": 0.44226908683776855, "ham_acc": 0.4393100142478943}, "rne": {"train_loss": 0.3476175128585762, "test_loss": 0.2658768594264984, "ham_acc": 15.773176193237305}, "_timestamp": 1726555833.7282388, "_runtime": 22.04769492149353, "_step": 0, "_wandb": {"runtime": 25}}