{"mlp": {"train_loss": 1.6394441576671346e-05, "test_loss": 1.4362206457008142e-05, "ham_acc": 0.0005644228076562285}, "ode": {"train_loss": 0.013216050998825167, "test_loss": 0.3969477415084839, "ham_acc": 0.05260777100920677}, "gru": {"train_loss": 0.007609722918520371, "test_loss": 0.19932648539543152, "ham_acc": 0.00834222137928009}, "gre": {"train_loss": 0.0023561497632828025, "test_loss": 0.2767634987831116, "ham_acc": 0.009394155815243721}, "rnn": {"train_loss": 0.013834976058246361, "test_loss": 0.38805076479911804, "ham_acc": 0.39243996143341064}, "rne": {"train_loss": 0.009189811589506765, "test_loss": 0.14934304356575012, "ham_acc": 0.11163374781608582}, "_timestamp": 1728225225.218647, "_runtime": 210.8254508972168, "_step": 9, "_wandb": {"runtime": 210}}