{"mlp": {"train_loss": 0.00040831632763406055, "test_loss": 0.0003314414934720844, "ham_acc": 81.09268188476562}, "ode": {"train_loss": 0.0007251418894156814, "test_loss": 0.014422561973333359, "ham_acc": 0.011841412633657455}, "gru": {"train_loss": 0.014587877877056598, "test_loss": 0.25773292779922485, "ham_acc": 16.736186981201172}, "gre": {"train_loss": 0.0006922347639273438, "test_loss": 0.001715146005153656, "ham_acc": 0.18342605233192444}, "rnn": {"train_loss": 0.590444595946206, "test_loss": 1.0744798183441162, "ham_acc": 142.827880859375}, "rne": {"train_loss": 0.0005939711182792154, "test_loss": 0.00025344156892970204, "ham_acc": 0.012910074554383755}, "_timestamp": 1726512958.6286943, "_runtime": 209.17241430282593, "_step": 12, "_wandb": {"runtime": 216}}