{"mlp": {"train_loss": 1.2347022122740883e-07, "test_loss": 2.663090299392934e-07, "ham_acc": 4.250088386470452e-05}, "ode": {"train_loss": 1.6034899969794324e-07, "test_loss": 7.529708909714827e-07, "ham_acc": 1.0728666893555783e-05}, "gru": {"train_loss": 4.1744457853888484e-07, "test_loss": 0.014318285509943962, "ham_acc": 0.34064576029777527}, "gre": {"train_loss": 2.9491804538237275e-07, "test_loss": 1.1580810678424314e-05, "ham_acc": 0.0003495312703307718}, "rnn": {"train_loss": 0.010516058208627834, "test_loss": 0.024373937398195267, "ham_acc": 0.07846346497535706}, "rne": {"train_loss": 3.7322851868440112e-06, "test_loss": 0.0074008009396493435, "ham_acc": 0.6766552925109863}, "_timestamp": 1726578156.1017995, "_runtime": 21266.377205371857, "_step": 999, "_wandb": {"runtime": 21266}}